STREET1,STREET2
Commonwealth Avenue,Babcock Street
Brighton Avenue,Cambridge Street
Dudley Street,Dudley Place
Swift Street,Saratoga Street
Harrison Avenue,Johnny Court
Lindall Street,Basile Street
Tremont Street,Temple Place
Massachusetts Avenue,Marlborough Street
Huntington Avenue,Garrison Street
Boylston Street,Dartmouth Street
Newbury Street,Fairfield Street
Commonwealth Avenue,Crowninshield Road
Ruggles Street,Parker Street
Commonwealth Avenue,Saint Paul Street
Newbury Street,Fairfield Street
Tremont Street,Whittier Street
Huntington Avenue,Fenwood Road
La Grange Street,Washington Street
Ruggles Street,Tremont Street
Stanwood Street,Blue Hill Avenue
Blue Hill Avenue,Paxton Street
Brighton Avenue,Harvard Avenue
Columbia Road,Intervale Street
Saint Alphonsus Street,Smith Street
Mountfort Street,Commonwealth Avenue
Parker Street,Tremont Street
North Harvard Street,Western Avenue
Washington Street,Crispus Attucks Place
Forest Hills Street,Woodside Avenue
Belvidere Street,Huntington Avenue
Dorchester Avenue,Doris Street
Commonwealth Avenue,Massachusetts Avenue
Prentiss Street,Tremont Street
Commonwealth Avenue Frontage Road Wb,Spofford Road
Commonwealth Avenue,Amory Street
Commonwealth Avenue,Massachusetts Avenue
Massachusetts Avenue,Saint Botolph Street
Harvard Avenue,Brighton Avenue
Everett Street,Clevemont Avenue
Commonwealth Avenue,Babcock Street
Albany Street,Thayer Street
Washington Street Place,Washington Street
Massachusetts Avenue,Newbury Street
Warren Street,Nevins Street
Walk Hill Street,Wenham Street
Kingston Street,Summer Street
Melnea Cass Boulevard,Massachusetts Avenue
Blue Hill Avenue,Johnston Road
Boylston Street,Clarendon Street
Commonwealth Avenue,Saint Marys Street
Hereford Street,Public Alley 414
Centre Street,Harris Avenue
Congress Street,Hawes Street
Massachusetts Avenue,Clearway Street
New Rutherford Avenue,City Square
Gordon Street,Cambridge Street
Belvidere Street,Huntington Avenue
Washington Street,Ukraine Way
Ruggles Street,Parker Street
Staniford Street,Longfellow Pl
Yawkey Way,Brookline Avenue
Commonwealth Avenue,Buick Street
Dudley Street,Langdon Street
Commonwealth Avenue,Massachusetts Avenue
Wayland Street,Hartford Street
Rossmore Street,Washington Street
Harvard Avenue,Cambridge Street
Charles Street South,Boylston Street
Linden Street,Brighton Avenue
Washington Street,Guild Street
Harvard Avenue,Brighton Avenue
Hanover Street,Wesley Place
Reservoir Road,Beacon Street
Dunkeld Street,Quincy Street
Magazine Street,Allerton Street
Gardena Street,Market Street
Brighton Avenue,Allston Street
Washington Street,West Springfield Street
Massachusetts Avenue,Allstate Road
Charlesgate East,Commonwealth Avenue
Tonawanda Street,Geneva Avenue
Washington Street,Shepard Street
Centre Street,Pierre Lallement Bike Path
Massachusetts Avenue,Allstate Road
Commonwealth Avenue,Lake Street
Melnea Cass Boulevard,Columbus Avenue
Western Avenue,Telford Street
North Harvard Street,Easton Street
Knoll Street,Centre Street
Neponset Avenue,Tilesboro Street
Alpha Road,Waldeck Street
Locust Street,Dorchester Avenue
Bowdoin Street,Hendry Street
Norfolk Street,Ferndale Street
Tebroc Street,Bowdoin Street
Massachusetts Avenue,Shawmut Avenue
Stuart Street,Washington Street
Boylston Street,Centre Street
Wheatland Avenue,Spencer Street
Massachusetts Avenue,Newbury Street
Charles Street South,Boylston Street
Annabel Street,Holden Street
Perkins Street,Parkman Drive
Commonwealth Avenue Frontage Road Wb,Harvard Avenue
Columbia Road,Dudley Street
Hemenway Street,Westland Avenue
Washington Street,Bray Street
Washington Street,East Concord Street
Walden Street,Arklow Street
State Street,John F. Fitzgerald Surface Road
Boylston Street,Clarendon Street
Stuart Street,Clarendon Street
Chestnut Hill Avenue,Union Street
East Berkeley Street,Harrison Avenue
Columbus Avenue,Dartmouth Street
Revere Street,Charles Street
Gainsborough Street,Huntington Avenue
Boston Street,West Bellflower Street
Charles Street,David G. Mugar Way
Edgerly Road,Norway Street
New Washington Street,South Street
Dorchester Avenue,Savin Hill Avenue
Bennington Street,Chelsea Street
Charles Street,Ditson Street
Devon Street,Blue Hill Avenue
Shirley Street,Clifton Street
Brighton Avenue,Saint Lukes Road
Harvard Avenue,Brighton Avenue
Main Street,SR 38
Commonwealth Avenue,Cummington Mall
South Huntington Avenue,Heath Street
George R. Visconti Road,Paris Street
Blossom Street,Cambridge Street
Beacon Street,Keswick Street
Commonwealth Avenue,Mountfort Street
Cambridge Street,Linden Street
Newbury Street,Dartmouth Street
Callender Street,Lauriat Street
West Broadway,D Street
Townsend Street,Warren Street
Brighton Avenue,Allston Street
Trinity Place,Saint James Avenue
Pilgrim Road,Short Street
Centre Street,Pond Street
Cambridge Street,Brighton Avenue
Blue Hill Avenue,River Street
Harrison Avenue,Massachusetts Avenue
Richfield Street,Columbia Terrace
Washington Street,Martin Luther King Boulevard
Boylston Street,Fairfield Street
Blue Hill Avenue,Georgia Street
Massachusetts Avenue,Washington Street
Dorchester Avenue,Congress Street
Hanover Street,Congress Street
Rutland Square,Public Alley 502
Massachusetts Avenue,Washington Street
Tremont Street,Massachusetts Avenue
Huntington Avenue,Fenwood Road
Irma Street,Arbutus Street
Harvard Street,Vesta Road
Washington Street,Worcester Street
Commonwealth Avenue,Amory Street
Morton Street,American Legion Highway
Harvard Avenue,Glenville Terrace
Harvard Street,Gleason Street
Centre Street,Pierre Lallement Bike Path
Huntington Avenue,Shepherd Avenue
South Bay Harbor Trail,Frontage Road
Massachusetts Avenue,Haviland Street
West Selden Street,Morton Street
Green Street,Washington Street
North Beacon Street,Arthur Street
Perkins Street,Pond View Avenue
Erie Street,Wolcott Street
Congress Street,North Street
East Broadway,K Street
Washington Street,Kneeland Street
Harrison Avenue,Eustis Street
Royal Street,Coolidge Road
Harrison Avenue,Kneeland Street
Sycamore Street,Hawthorne Street
Moreland Street,Montrose Street
Talbot Avenue,Whitfield Street
Southern Avenue,Millet Street
West Concord Street,Tremont Street
John F. Fitzgerald Expressway,Lincoln Street
Fisher Avenue,Estey Street
Cambridge Street,Sparhawk Street
Canterbury Street,Paine Street
Adams Street,Church Street
Marion Street,Eutaw Street
South Huntington Avenue,Heath Street
Hamlet Street,Columbia Road
Norwell Street,Rupert Street
Hudson Street,Harrison Avenue
Shirley Street,Clifton Street
Massachusetts Avenue,Columbus Avenue
Fairmount Avenue,Davison Street
North Harvard Street,Empire Street
Hyde Park Avenue,Glenwood Avenue
Kelton Street,Allston Street
Lorne Street,Wilbert Circle
Brook Avenue,West Cottage Street
Tremont Street,Northampton Street
Morton Street,Norfolk Street
Blue Hill Avenue,Rexford Street
Brooks Street,Bennington Street
Massachusetts Avenue,Boylston Street
Oakland Street,Thornton Street
Rutland Square,Columbus Avenue
Commonwealth Avenue,Crowninshield Road
Belvidere Street,Dalton Street
Westglow Street,Frost Avenue
Longwood Avenue,Brookline Avenue
Cornell Street,Washington Street
Cambridge Street,South Russell Street
Neponset Valley Parkway,Buckingham Street
Centre Street,Highland Avenue
Commonwealth Avenue,Cummington Mall
Northampton Street,Harrison Avenue
Harvard Avenue,Brainerd Road
Washington Street,Rossmore Street
Park Drive,Riverway
Dorchester Avenue,Hancock Street
Geneva Avenue,Vinson Street
Tremont Street,Saint Alphonsus Street
Boylston Street,Ipswich Street
Commonwealth Avenue,Buick Street
Evans Way,Fenway
Massachusetts Avenue,Public Alley 909
Dorchester Avenue,Fields Corner Station
Washington Street,Kneeland Street
Old Colony Avenue,Damrell Street
Blossom Street,Cambridge Street
Adams Street,Dorchester Avenue
Commonwealth Avenue,Carlton Street
Washington Street,Harvard Avenue
Columbus Avenue,West Springfield Street
Brighton Avenue,Linden Street
Boylston Street,Jersey Street
Clarkson Street,Trent Street
Dorchester Avenue,Columbia Road
Melnea Cass Boulevard,Massachusetts Avenue
Boylston Street,Charlesgate East
Columbus Avenue,West Canton Street
Huntington Avenue,Gainsborough Street
Commonwealth Avenue,Naples Road
Cunningham Street,Woodledge Street
Bowker Street,New Chardon Street
Call Street,Child Street
Mountfort Street,Commonwealth Avenue
Old Colony Avenue,Dorchester Street
Massachusetts Avenue,Marlborough Street
Commonwealth Avenue,SR 2
Leroy Street,Geneva Avenue
Albany Street,Northampton Street
Blackfan Street,Longwood Avenue
Cummins Highway,American Legion Highway
Centre Street,Boylston Street
Tremont Street,Stuart Street
Clarendon Street,Newbury Street
Park Drive,Buswell Street
Hemenway Street,Boylston Street
Glenway Street,Bradshaw Street
Bowdoin Street,Corona Street
Bowdoin Street,Geneva Avenue
Commonwealth Avenue,Alcorn Street
Centre Place,Centre Street
Dudley Street,Washington Street
Huntington Avenue,Garrison Street
Everett Street,Clevemont Avenue
Centre Street,Pershing Road
Dorchester Avenue,O'Connor Way
Washington Street,Breck Avenue
Warren Street,Dale Street
Washington Street,Hayward Place
Huntington Avenue,Forsyth Street
Harcourt Street,Huntington Avenue
Seaver Street,Elm Hill Avenue
East Concord Street,Washington Street
Kneeland Street,Hudson Street
Harvard Avenue,Commonwealth Avenue Frontage Road Wb
Dorchester Avenue,Linden Street
Harvard Avenue,Brighton Avenue
Massachusetts Avenue,Chesterton Street
Berkeley Street,Commonwealth Avenue
Atlantic Avenue,Summer Street
Amory Street,Bragdon Street
Adams Street,Elmdale Street
Tremont Street,Columbus Avenue
Belvidere Street,Huntington Avenue
Washington Street,Walton Street
Dorchester Avenue,Woodward Street
Clearway Street,Massachusetts Avenue
Tremont Street,Saint Alphonsus Street
Dorchester Avenue,Orchardfield Street
Bay State Road,Sherborn Street
Columbia Road,Bird Street
Ruggles Street,Parker Street
Columbia Road,Massachusetts Avenue
West Concord Street,Tremont Street
Blackfan Street,Longwood Avenue
Massachusetts Avenue,Huntington Avenue
Belvidere Street,Huntington Avenue
Dorchester Avenue,Boston Street
Massachusetts Avenue,Marlborough Street
Fenway,Boylston Street
Kelton Street,Scottfield Road
Washington Street,Hayward Place
Commonwealth Avenue,Grahm Street
Bromfield Street,Tremont Street
Davenport Street,Columbus Avenue
Lubec Street,Porter Street
Babbitt Street,Cummington Mall
Parker Street,Gore Street
South Huntington Avenue,Heath Street
South Bay Harbor Trail,Frontage Road
Prescott Street,Lexington Street
Dorchester Avenue,Gibson Street
Huntington Avenue,Gainsborough Street
Dorchester Street,Old Harbor Street
Commonwealth Avenue,Massachusetts Avenue
Commonwealth Avenue,South Street
Parker Street,Prentiss Street
Berkeley Street,Newbury Street
Tremont Street,Massachusetts Avenue
Dorchester Avenue,Hecla Street
Tremont Street,Saint Alphonsus Street
Washington Street,Bartlett Street
Louis Prang Street,Evans Way
Commonwealth Avenue,Saint Paul Street
Massachusetts Avenue,Columbus Avenue
Exeter Street,Boylston Street
Massachusetts Avenue,Haviland Street
Aberdeen Street,Beacon Street
Blue Hill Avenue,Wilcock Street
Magazine Street,Dudley Street
Main Street,Medford Street
Belvidere Street,Huntington Avenue
Humboldt Avenue,Martin Luther King Boulevard
Verona Street,Carolina Avenue
Winthrop Street,Hyde Park Avenue
Mcbride Street,Call Street
Revere Street,Garden Street
Humboldt Avenue,Crawford Street
Blue Hill Avenue,Quincy Street
Ruggles Street,Parker Street
Washington Street,Park Street
Massachusetts Turnpike,Brookline Avenue
Congress Street,Farnsworth Street
North Harvard Street,Western Avenue
North Anderson Street,Bridge Court
Tremont Street,Parker Street
Beacon Street,Dartmouth Street
West Dedham Street,Shawmut Avenue
Saint James Avenue,Clarendon Street
Dudley Street,Dunmore Street
Commonwealth Avenue,Massachusetts Avenue
Columbus Avenue,Massachusetts Avenue
Columbus Avenue,West Newton Street
Columbus Avenue,Cedar Street
Beacon Street,Massachusetts Avenue
Massachusetts Avenue,Columbus Avenue
Burney Street,Tremont Street
Washington Street,Parsons Street
Melville Avenue,Waldeck Street
South Street,Essex Street
Higgins Street,Brighton Avenue
Concord Square,Columbus Avenue
Gloucester Street,Commonwealth Avenue
Huntington Avenue,Louis Prang Street
Strathmore Road,Sutherland Road
Blossom Street,Cambridge Street
Post Office Square,Congress Street
Carolina Place,Carolina Avenue
Centre Street,Oakview Terrace
Beacon Street,Ayr Road
Massachusetts Avenue,Newbury Street
Harvard Street,Harrison Avenue
Stuart Street,Dartmouth Street
Lenox Street,Tremont Street
Gardena Street,Market Street
Gloucester Street,Newbury Street
Blue Hill Avenue,Devon Street
Faneuil Street,Parsons Street
Massachusetts Avenue,Saint Botolph Street
Parker Street,Oscar Street
Annabel Street,Columbia Road
Columbia Road,Normandy Street
Massachusetts Avenue,Huntington Avenue
Dorchester Avenue,Adams Street
Harvard Avenue,Glenville Avenue
Cambridge Street,Rugg Road
Beacon Street,Massachusetts Avenue
Cambridge Street,Irving Street
Brookline Avenue,Pilgrim Road
Centre Street,Walter Street
Middleton Street,Wildwood Street
Alpha Road,Waldeck Street
Centre Street,Sheridan Street
Cambridge Street,Brighton Street
Ruggles Street,Tremont Street
Beacon Street,Charles Street
South Huntington Avenue,Perkins Street
Columbus Avenue,Chandler Street
Blue Hill Avenue,Talbot Avenue
Massachusetts Avenue,Haviland Street
Warren Street,Elm Hill Park
Commonwealth Avenue,Massachusetts Avenue
Harvard Avenue,Commonwealth Avenue Frontage Road Eb
Beacon Street,Massachusetts Avenue
Brighton Avenue,Commonwealth Avenue Frontage Road Wb
Cambridge Street,Tremont Street
Centre Street,Perkins Street
Washington Street,Kneeland Street
Tremont Street,Cufflin Street
Warren Street,Palmer Street
Dorchester Avenue,Roach Street
Boylston Street,Lamartine Street
Columbus Avenue,Cedar Street
Chestnut Hill Avenue,Hatherly Road
Commonwealth Avenue,Amory Street
Centre Street,Barbara Street
Main Street,Albion Place
Rutherford Avenue,New Rutherford Avenue
Huntington Avenue,South Huntington Avenue
Washington Street,Brinsley Street
Boylston Street,Dartmouth Street
Harvard Avenue,Commonwealth Avenue Frontage Road Wb
Beacon Street,Ayr Road
Commonwealth Avenue,Cummington Mall
Tremont Street,La Grange Street
Transit Street,Dorchester Avenue
Harrison Avenue,East Concord Street
State Street,Kilby Street
Pilgrim Road,Short Street
Humphreys Street,Groom Street
Beacon Street,Tremont Street
Public Alley 905,Massachusetts Avenue
Washington Street,Turner Street
Maitland Street,Beacon Street
Allstate Road,Willow Court
Commonwealth Avenue,Pleasant Street
Boylston Street,Lamartine Street
Shawmut Street Extension,Shawmut Street
Longwood Avenue,Blackfan Street
Charles Street South,Boylston Street
Wyman Street,Centre Street
Massachusetts Avenue,Haviland Street
Tremont Street,Whittier Street
Redwood Street,Centre Street
Washington Street,East Brookline Street
Lamartine Street,Paul Gore Street
Parker Street,Gore Street
Glendale Street,Hancock Street
Magazine Street,Dudley Street
Commonwealth Avenue,Amory Street
Williams Street,Amory Street
Parker Street,Ward Street
Blue Hill Avenue,Jewish War Veterans Drive
Kneeland Street,Harrison Avenue
Harvard Avenue,Commonwealth Avenue Frontage Road Wb
Washington Street,Herald Street
West Roxbury Parkway,Belgrade Avenue
Burrage Street,Centre Street
Spencer Street,Wheatland Avenue
Newbury Street,Clarendon Street
Highland Street,Marcella Street
Dorchester Avenue,Hancock Street
Commonwealth Avenue,Buick Street
Allston Street,Long Avenue
Park Street,Marlowe Street
Beacon Street,Acacia Avenue
Washington Street,Bexley Road
Stanwood Street,Normandy Street
Birch Street,Belgrade Avenue
Centre Street,Dunster Road
Massachusetts Avenue,Newbury Street
Commonwealth Avenue,Winslow Road
Charles Street South,Boylston Street
Saratoga Street,Meridian Street
Hyde Park Avenue,Willow Avenue
Columbia Road,Ceylon Street
Clarendon Street,Commonwealth Avenue
Columbia Road,Geneva Avenue
Commonwealth Avenue Frontage Road Wb,Fordham Road
Beacon Street,Massachusetts Avenue
Dartmouth Street,Newbury Street
South Huntington Avenue,Colburn Street
Washington Street,Dighton Street
Gloucester Street,Newbury Street
Cambridge Street,Sparhawk Street
Commonwealth Avenue,Griggs Street
Huntington Avenue,South Huntington Avenue
Sumner Street,Annapolis Street
Boylston Street,Clive Street
Alford Street,Arlington Avenue
Balfour Street,Wayland Street
Massachusetts Avenue,Saint Botolph Street
Blue Hill Avenue,Paxton Street
Gallivan Boulevard,Magdala Street
Blossom Street,Cambridge Street
Massachusetts Avenue,Saint Germain Street
Washington Street,Rollins Street
Tremont Street,Stuart Street
Stuart Street,Trinity Place
Washington Street,Bexley Road
Commonwealth Avenue,Saint Paul Street
Columbus Avenue,Cedar Street
Cambridge Street,Lincoln Street
Beacon Street,Massachusetts Avenue
Fairmount Avenue,Nott Street
Hadassah Way,Boylston Street
Massachusetts Avenue,Clearway Street
Commonwealth Avenue,Scottfield Road
Huntington Avenue,Wait Street
Massachusetts Avenue,Napa Street
Huntington Avenue,Opera Place
Massachusetts Avenue,Saint Botolph Street
Melnea Cass Boulevard,Columbus Avenue
Beacon Street,Raleigh Street
Cedar Street,Anita Terrace
Washington Street,East Concord Street
South Street,Jamaica Street
Clarendon Street,Appleton Street
Stanwood Street,Normandy Street
Rockvale Circle,Washington Street
Western Avenue,Kelley Court
Prentiss Street,Tremont Street
Dorchester Avenue,Linden Street
Parker Street,Parker Hill Avenue
Commonwealth Avenue,Winslow Road
Columbia Road,Hamilton Street
Cambridge Street,Stark Street
Park Drive,Beacon Street
Bowdoin Street,Westville Street
North Washington Street,Valenti Way
Washington Street,Rutland Street
Wachusett Street,Rodman Street
Hall Street,South Street
Shawmut Avenue,Malcolm X Boulevard
South Munroe Terrace,Neponset Avenue
Sumner Street,Callahan Tunnel
Annabel Street,Holden Street
Calumet Street,Hillside Street
Savin Hill Avenue,Dorchester Avenue
Thornton Street,Oakland Street
Warren Street,Palmer Street
Blue Hill Avenue,Dewey Street
Strathmore Road,Orkney Road
Dickinson Road,Washington Street
Beacon Street,Charles Street
Lomasney Way,Red Auerbach Way
Dorchester Avenue,Edison Green
Prentiss Street,Albert Street
Beacon Street,Massachusetts Avenue
East Cottage Street,Columbia Road
Temple Street,Ivory Street
Washington Street,Nassau Street
Tremont Street,Tip Top Street
Warren Street,Commonwealth Avenue
Longwood Avenue,Blackfan Street
Quincy Street,Clarkson Street
Post Office Square,Congress Street
New Rutherford Avenue,West School Street
Southampton Street,Moore Street
Market Street,Sparhawk Street
Alpha Road,Park Street
Seaver Street,Old Trail Road
Dorchester Avenue,Gibson Street
Longwood Avenue,Brookline Avenue
Commonwealth Avenue Frontage Road Wb,Reedsdale Street
Welles Avenue,Wainwright Street
Beacon Street,Raleigh Street
River Street,Sturbridge Street
Dorchester Avenue,Gibson Street
Commonwealth Avenue,Hereford Street
Old Colony Avenue,C Street
Columbia Road,Elder Street
Beacon Street,Massachusetts Avenue
Hyde Park Avenue,American Legion Highway
South Huntington Avenue,Colburn Street
Howard Avenue,Woodward Park Street
O'Callaghan Way,Sterling Square
Park Street,Bourneside Street
Everett Street,Clevemont Avenue
Kelton Street,Allston Street
Longwood Avenue,Avenue Louis Pasteur
Neponset Avenue,Agawam Street
Pierce Street,Fairmount Avenue
Commonwealth Avenue,Babcock Street
Hampden Street,Eustis Street
Washington Street,Wheatland Avenue
Cambridge Street,Linden Street
Freeport Street,Freeport Way
Centre Street,Pond Street
Harrison Avenue,Massachusetts Avenue
Mcbride Street,Pierre Lallement Bike Path
Newbury Street,Clarendon Street
Belvidere Street,Huntington Avenue
Havre Street,Marion Street
Columbus Avenue,Massachusetts Avenue
Brighton Avenue,Park Vale Avenue
Massachusetts Avenue,Boylston Street
Centre Street,Ginita Street
Atlantic Avenue,Pearl Street
Huntington Avenue,Longwood Avenue
Prince Street,Thacher Street
Murray Hill Road,Washington Street
Centre Street,Mozart Street
Centre Street,Pierre Lallement Bike Path
Brighton Avenue,Park Vale Avenue
New Chardon Street,Cambridge Street
Hyde Park Avenue,West Street
Brooks Street,Bigelow Street
Centre Street,Chestnut Avenue
Norwell Street,Washington Street
Exeter Street,Boylston Street
Massachusetts Avenue,Boylston Street
Massachusetts Avenue,Newbury Street
Dorchester Avenue,Melville Avenue
Atlantic Avenue,Seaport Boulevard
Columbus Avenue,Cedar Street
Harvard Avenue,Commonwealth Avenue Frontage Road Wb
Huntington Avenue,Evans Way
Tremont Street,Sewall Street
Melnea Cass Boulevard,Massachusetts Avenue
Columbia Road,Geneva Avenue
Bremen Street,Brooks Street
Neponset Valley Parkway,Truman Parkway
B Street,Crowley Rogers Way
Cambridge Street,Seattle Street
Hemenway Street,Norway Street
Commonwealth Avenue Frontage Road Eb,Kelton Street
Meridian Street,Porter Street
Cambridge Street,Harvard Avenue
Kilby Street,Water Street
Blue Hill Avenue,Donald Road
Kimball Street,Freeport Street
Longwood Avenue,Binney Street
Commonwealth Avenue,Massachusetts Avenue
Raldne Road,Kovey Road
Washington Street,South Street
Holton Street,Litchfield Street
Chestnut Hill Avenue,Englewood Avenue
Keswick Street,Beacon Street
Blue Hill Avenue,Julian Street
Washington Street,Cobden Street
Hyde Park Avenue,River Street
Dorchester Avenue,Melvinside Terrace
John F. Fitzgerald Surface Road,Essex Street
Reverend R. A. Burke Street,Dorchester Street
Williams Street,Amory Street
Harvard Avenue,Brighton Avenue
Harvard Street,Lorne Street
Huntington Avenue,Forsyth Street
East Ninth Street,Patterson Way
South Street,Washington Street
Dartmouth Street,Newbury Street
Dorchester Avenue,O'Connor Way
Puritan Avenue,Richfield Street
Columbus Avenue,Heath Street
Washington Street,Montebello Road
Centre Street,Ginita Street
Massachusetts Avenue,Clearway Street
Massachusetts Avenue,Newmarket Square
Centre Street,Maple Street
Dorchester Avenue,Gibson Street
Dakota Street,Iowa Street
Washington Street,Lyndhurst Street
Medford Street,Chappie Street
Commonwealth Avenue,Saint Marys Street
Washington Street,New Washington Street
Morton Street,Catenaccia Way
Marlborough Street,Massachusetts Avenue
West Broadway,F Street
New Minton Street,Lamartine Street
Boylston Street,Park Drive
Bromfield Street,Province Street
Chestnut Hill Avenue,Englewood Avenue
Grampian Way,Savin Hill Avenue
Page Street,Glenway Street
Linden Street,Cambridge Street
Washington Street,Ukraine Way
Harvard Avenue,Cambridge Street
Congress Street,Atlantic Avenue
Common Street,Winthrop Street
Newbury Street,Arlington Street
Norton Street,Bowdoin Street
Massachusetts Avenue,Tremont Street
Park Drive,Beacon Street
Massachusetts Avenue,Napa Street
North Harvard Street,Eatonia Street
Warren Street,Waverly Street
Jersey Street,Boylston Street
Firth Road,Washington Street
Commonwealth Avenue,Harry Agganis Way
Dearborn Street,Zeigler Street
Commonwealth Avenue,SR 2
Congress Street,Milk Street
Cambridge Street,Lincoln Street
Hyde Park Avenue,American Legion Highway
Commonwealth Avenue,SR 2
Massachusetts Avenue,Saint Botolph Street
Boylston Street,Centre Street
Massachusetts Avenue,Columbus Avenue
Strathmore Road,Sutherland Road
Cambridge Street,North Grove Street
Pond Street,Myrtle Street
Beacon Street,Commonwealth Avenue
Tremont Street,Massachusetts Avenue
Commonwealth Avenue,Cummington Mall
Massachusetts Avenue,Boylston Street
Parkside Drive,Avon Street
Columbus Avenue,Cedar Street
Causeway Street,Lancaster Street
Gordon Street,Cambridge Street
Everett Street,Holton Street
Massachusetts Avenue,Huntington Avenue
Washington Street,Perry Street
Patterson Way,East Eighth Street
Central Avenue,River Street
Columbus Avenue,West Newton Street
Columbus Avenue,Massachusetts Avenue
Condor Street,Boston HarborWalk
Beacon Street,Chestnut Hill Avenue
Massachusetts Avenue,Huntington Avenue
Barrows Street,Cambridge Street
Berkeley Street,Commonwealth Avenue
East Berkeley Street,Village Court
Massachusetts Avenue,Albany Street
Blue Hill Avenue,Winthrop Street
Pilgrim Road,Short Street
South Huntington Avenue,Craftson Way
Massachusetts Avenue,Saint Botolph Street
Western Avenue,Everett Street
Federal Street,Milk Street
South Walter Street,Robert Street
Commonwealth Avenue,Granby Street
Market Street,Gardena Street
Westminster Street,Greenwich Street
Ashburton Place,Bowdoin Street
Beacon Street,Massachusetts Avenue
Talbot Avenue,Whitfield Street
Massachusetts Avenue,Shawmut Avenue
Centre Street,Barbara Street
Harvard Avenue,Commonwealth Avenue Frontage Road Wb
Washington Street,Rutland Street
Columbus Avenue,West Newton Street
Lawn Street,Hayden Street
Park Drive,Mountfort Street
George R. Visconti Road,Paris Street
Blue Hill Avenue,Clifford Street
North Harvard Street,Morgan Way
Armandine Street,Washington Street
Massachusetts Avenue,Public Alley 908
Commonwealth Avenue,Crowninshield Road
North Washington Street,Commercial Street
Washington Street,Rollins Street
Commonwealth Avenue,Pleasant Street
Massachusetts Avenue,Huntington Avenue
Forbes Street,Centre Street
Saybrook Street,Market Street
Commonwealth Avenue,Massachusetts Avenue
Commonwealth Avenue,Pleasant Street
Washington Street,Bexley Road
David G. Mugar Way,Beacon Street
Day Square,Bremen Street
Longwood Avenue,Riverway
East Sixth Street,P Street
Commonwealth Avenue,Exeter Street
Parker Street,Oscar Street
Magazine Street,Dudley Street
Chapman Place,School Street
Bragdon Street,Columbus Avenue
Federal Street,High Street
Cambridge Street,Joy Street
Albany Street,Massachusetts Avenue
Commonwealth Avenue,Buick Street
Boylston Street,Clarendon Street
Commonwealth Avenue,Massachusetts Turnpike
Beacon Street,Massachusetts Avenue
Commonwealth Avenue,Pleasant Street
Beacon Street,Commonwealth Avenue
Commonwealth Avenue,Naples Road
Cambridge Street,Hano Street
South Street,Saint Rose Street
Boylston Street,Clarendon Street
Cambridge Street,Spice Street
Medford Street,Polk Street
Huntington Avenue,Forsyth Way
Massachusetts Avenue,Washington Street
Smith Street,Saint Alphonsus Street
North Harvard Street,Empire Street
Ruggles Street,Tremont Street
Commonwealth Avenue,Saint Paul Street
Staniford Street,Cambridge Street
Columbia Road,Intervale Street
Boylston Street,Berkeley Street
Prentiss Street,Tremont Street
Huntington Avenue,Forsyth Street
Centre Street,Westerly Street
Arlington Street,Saint James Avenue
Dorchester Avenue,Brookvale Street
Dorchester Avenue,Kimball Street
Dudley Street,Clifton Street
Brookline Avenue,Riverway
Harvard Avenue,Brighton Avenue
Canterbury Street,Hyde Park Avenue
Commonwealth Avenue,Buick Street
Linden Street,Dorchester Avenue
Commonwealth Avenue Frontage Road Wb,Saint Lukes Road
South Street,South Walter Street
South Huntington Avenue,Craftson Way
Tremont Street,Whittier Street
Commonwealth Avenue,Saint Marys Street
Harvard Avenue,Glenville Avenue
Beacon Street,Massachusetts Avenue
Huntington Avenue,Blagden Street
Longwood Avenue,Pilgrim Road
Centre Street,Kingsboro Park
Windom Street,Cambridge Street
Lyndhurst Street,Washington Street
Massachusetts Avenue,Huntington Avenue
Boylston Street,Fairfield Street
Border Street,White Street
Saint Alphonsus Street,Ward Street
Boylston Street,Yawkey Way
Western Avenue,Kelley Court
Staniford Street,Merrimac Street
Frontenac Street,Blue Hill Avenue
Cambridge Street,Carter Street
Commercial Street,Hanover Street
Commonwealth Avenue,Saint Marys Street
Commonwealth Avenue,Gloucester Street
Harvard Avenue,Commonwealth Avenue Frontage Road Wb
Centre Street,South Huntington Avenue
Commonwealth Avenue,Dartmouth Street
Huntington Avenue,Blagden Street
Warren Street,Whiting Street
Ruggles Street,Leon Street
Exeter Street,Massachusetts Turnpike
Congress Street,State Street
Cambridge Street,Sparhawk Street
South Street,Jamaica Street
Brighton Avenue,Allston Street
Carmel Street,Tremont Street
Dorchester Avenue,Linden Street
Geneva Avenue,Everton Street
Commonwealth Avenue,Amory Street
Hampden Street,Kemble Street
Commonwealth Avenue,Dartmouth Street
Washington Street,Boylston Street
Church Street,Percival Street
Commonwealth Avenue,Charlesgate East
Beacon Street,Chestnut Hill Avenue
Centre Street,Columbus Avenue
Blue Hill Avenue,Geneva Avenue
Washington Street,Worcester Street
Commonwealth Avenue,Harry Agganis Way
Melnea Cass Boulevard,Massachusetts Avenue
Parker Street,Ward Street
Beacon Street,Gloucester Street
Massachusetts Avenue,Commonwealth Avenue
Washington Street,Kneeland Street
Spurr Street,Western Avenue
Harrison Avenue,Dudley Street
A Street,Necco Court
Brookline Avenue,Overland Street
Babcock Street,Commonwealth Avenue
Dartmouth Street,Newbury Street
D Street,West Fourth Street
South Street,Centre Street
Blackfan Street,Longwood Avenue
Cunard Street,Columbus Avenue
Commonwealth Avenue Frontage Road Wb,Fordham Road
Market Street,Henshaw Street
Rosedale Street,Washington Street
Commonwealth Avenue,Charlesgate East
Centre Street,Westerly Street
A Street,Congress Street
Linden Street,Pratt Street
Columbus Avenue,Cedar Street
Back Street,Massachusetts Avenue
Central Street,Mckinley Square
Washington Street,Bexley Road
Harrison Avenue,Waltham Street
Harvard Avenue,Harvard Street
Northampton Street,Harrison Avenue
Chelsea Street,Fifth Street
Massachusetts Avenue,Saint Botolph Street
Commonwealth Avenue Frontage Road Eb,Harvard Avenue
Centre Street,Columbus Avenue
Bowdoin Street,Cambridge Street
Huntington Avenue,Wait Street
Harvard Avenue,Glenville Avenue
Western Avenue,Telford Street
Tremont Street,Parker Street
Florence Street,Firth Road
Harmony Street,Horace Street
Albany Street,Melnea Cass Boulevard
Condor Street,Boston HarborWalk
Greenwich Street,Marlin Way
Clifford Street,Warren Street
Cambridge Street,Joy Street
Summer Street,High Street
Ceylon Street,Quincy Street
Maple Street,Seaver Street
Dudley Street,Clifton Street
Humboldt Avenue,Walnut Avenue
Purchase Street,Congress Street
Bellvista Road,Corey Road
Dennis Street,Stafford Street
Park Drive,Peterborough Street
Columbus Avenue,West Newton Street
Dorchester Avenue,Bay Street
Tremont Street,Stuart Street
Yawkey Way,Brookline Avenue
Belvidere Street,Huntington Avenue
Bexley Road,Washington Street
Commonwealth Avenue,Naples Road
Columbia Road,Boston HarborWalk
Dudley Street,Dearborn Street
Clipper Ship Lane,Sumner Street
Massachusetts Avenue,Commonwealth Avenue
Hampden Street,Melnea Cass Boulevard
Boylston Street,Tremont Street
Rusfield Street,Massachusetts Avenue
Gore Street,Parker Street
Tremont Street,Herald Street
Chestnut Hill Avenue,Hatherly Road
Columbus Avenue,Heath Street
Massachusetts Avenue,Harrison Avenue
Mascoma Street,Quincy Street
Harvard Street,City Square
Boylston Street,Berkeley Street
Blossom Street,Cambridge Street
Chauncey Street,Avenue De Lafayette
Chestnut Avenue,Spring Park Avenue
Commonwealth Avenue,Lake Street
D Street,West Ninth Street
Buick Street,Commonwealth Avenue
Centre Street,Pond Street
Warren Street,Dale Street
Centre Street,Walter Street
Stoughton Street,Salcombe Street
Harvard Avenue,Farrington Avenue
Washington Street,Bexley Road
Harvard Avenue,Brighton Avenue
Edgerly Road,Burbank Street
Boylston Street,Lamartine Street
North Beacon Street,Everett Street
Centre Street,South Street
Washington Street,Tremont Street
Columbus Avenue,Wellington Street
Dudley Street,Washington Street
Centre Street,Goodrich Road
Blue Hill Avenue,Adrian Street
Blue Hill Avenue,Intervale Street
Woodbole Avenue,Woodruff Way
River Street,Hyde Park Avenue
Washington Street,Milk Street
Sumner Street,East Cottage Street
Shawmut Avenue,DeWitt Drive
William T. Morrissey Boulevard,McKone Street
Columbus Avenue,Massachusetts Avenue
Minton Street,Merriam Street
Beacon Street,Hereford Street
Humboldt Avenue,Seaver Street
Wyman Street,Centre Street
Adams Street,Gibson Street
Longwood Avenue,Avenue Louis Pasteur
Beacon Street,Berkeley Street
Silver Street,F Street
Jess Street,Porter Street
South Huntington Avenue,Colburn Street
Massachusetts Avenue,Public Alley 715
Washington Street,Water Street
Boylston Street,Boylston Place
Massachusetts Avenue,Allstate Road
North Beacon Street,Arthur Street
Shawmut Avenue,West Brookline Street
Mountain Avenue,Woodrow Avenue
Mattapan Street,Fottler Road
Massachusetts Avenue,Westland Avenue
Blue Hill Avenue,Woodcliff Street
Blue Hill Avenue,Creston Street
Centre Street,Greenview Avenue
Bellevue Street,Danville Street
Huntington Avenue,Massachusetts Avenue
Train Street,Victory Road
Winship Street,Peaceable Street
Massachusetts Avenue,Commonwealth Avenue
Boylston Street,Adelaide Street
Washburn Street,Boston Street
Federal Street,Franklin Street
Bremen Street,Brooks Street
Westland Avenue,Edgerly Road
Dorchester Avenue,Linden Street
Commonwealth Avenue,Saint Paul Street
Buick Street,Commonwealth Avenue
Huntington Avenue,Gainsborough Street
Washington Street,Montebello Road
Crawford Street,Harold Street
Blue Hill Avenue,Georgia Street
Clarendon Street,Commonwealth Avenue
Massachusetts Avenue,Pierre Lallement Bike Path
Tremont Street,Benton Street
Roxbury Street,King Street
Warren Street,Waverly Street
Rutland Street,Shawmut Avenue
Harris Avenue,Centre Street
Parsons Street,Converse Street
Franklin Hill Avenue,Fermoy Heights Avenue
Columbus Avenue,Heath Street
Atlantic Avenue,State Street
Poplar Street,Whitford Street
Harvard Avenue,Farrington Avenue
Commonwealth Avenue Frontage Road Eb,Harvard Avenue
Seattle Street,Goddard Street
Blue Hill Avenue,Georgia Street
Brighton Avenue,Park Vale Avenue
Columbus Avenue,Cedar Street
Ruggles Street,Leon Street
Atkinson Street,Bradston Street
Saint Casimir Way,Crowley Rogers Way
Baker Street,Brook Farm Road
Cambridge Street,Hano Street
Massachusetts Avenue,Pierre Lallement Bike Path
Commonwealth Avenue Frontage Road Eb,Royce Road
East Cottage Street,Robey Street
Massachusetts Avenue,Commonwealth Avenue
Melnea Cass Boulevard,Massachusetts Avenue
Commonwealth Avenue,Hinsdale Mall
Harvard Street,Vesta Road
Cambridge Street,North Harvard Street
Commonwealth Avenue,Pleasant Street
Dudley Street,Mount Pleasant Avenue
Columbus Avenue,Cunard Street
Saint Botolph Street,West Newton Street
Wenham Street,Walk Hill Street
Massachusetts Avenue,Peirson Street
Washington Street,Essex Street
Ellery Street,Southampton Street
Atlantic Avenue,Richmond Street
Saybrook Street,Market Street
Washington Street,Boylston Street
Talbot Avenue,Aspinwall Road
Kimball Street,Freeport Street
Geneva Avenue,Levant Street
Summer Street,Dorchester Avenue
Washington Street,Parsons Street
Edgerly Road,Burbank Street
Geneva Avenue,Holiday Street
Broad Street,Milk Street
Boylston Street,Ipswich Street
Kingston Street,Summer Street
Columbia Road,Quincy Street
Washington Street,Burnett Street
Blue Hill Avenue,Johnston Road
Dorchester Avenue,Mount Vernon Street
L Street,Marine Road
Dakota Street,Iowa Street
West Springfield Street,Shawmut Avenue
Blue Hill Avenue,Abbot Street
Freeport Street,Victory Road
North Beacon Street,Glencoe Street
Savin Street,Tupelo Street
Saratoga Street,Shawsheen Road
Corey Street,Veterans Of Foreign Wars Parkway
Massachusetts Avenue,Marlborough Street
Hazelwood Street,Silva Place
Edgerly Road,Burbank Street
Washington Street,Kneeland Street
Centre Street,Pond Street
Creighton Street,Sunnyside Street
Morton Street,Fuller Street
Fowler Street,Glenway Street
Massachusetts Avenue,Napa Street
Harrison Avenue,East Lenox Street
Washington Street,Bexley Road
Magnolia Street,Emrose Terrace
Cambridge Street,Lincoln Street
Hyde Park Avenue,Ramsdell Avenue
Shawmut Avenue,Massachusetts Avenue
Commonwealth Avenue,Massachusetts Turnpike
Western Avenue,Travis Street
Spring Street,Billings Street
Commonwealth Avenue,Granby Street
Highgate Street,Cambridge Street
Dorchester Avenue,Welles Avenue
Hemenway Street,Hemenway Terrace
Cambridge Street,Lincoln Street
Dennis Street,Moreland Street
Beacon Street,Charles Street
West Cottage Street,Woodville Street
Terrace Street,New Cedar Street
Harvard Avenue,Cambridge Street
Public Alley 905,Massachusetts Avenue
Commonwealth Avenue Frontage Road Eb,Harvard Avenue
Commonwealth Avenue,Brighton Avenue
Massachusetts Avenue,Chesterton Street
Washington Street,Torrey Street
Cummins Highway,Hyde Park Avenue
South Huntington Avenue,Colburn Street
Normandy Street,Intervale Street
Brighton Avenue,Craftsman Street
Washington Street,Snow Street
Annunciation Road,Ruggles Street
Allston Street,Greylock Road
Summer Street,D Street
Norfolk Avenue,Magazine Street
Purchase Street,Oliver Street
Commonwealth Avenue,Babcock Street
Huntington Avenue,Calumet Street
Belgrade Avenue,Pinehurst Street
Huntington Avenue,Calumet Street
Deering Road,Westmore Road
Dorchester Avenue,Charles Street
Portland Street,Valenti Way
Saint Alphonsus Street,Calumet Street
La Grange Street,Washington Street
Warren Street,Zeigler Street
Commonwealth Avenue,Babcock Street
Summit Avenue,Corey Road
West Newton Street,Belvidere Street
Summer Street,D Street
Kneeland Street,South Street
Commonwealth Avenue,Brighton Avenue
Massachusetts Avenue,Pierre Lallement Bike Path
Commonwealth Avenue,Buick Street
Theodore Glynn Way,Southampton Street
Wrentham Street,Florida Street
Washington Street,Dimock Street
Centre Street,Robinwood Avenue
Washington Street,Milk Street
North Harvard Street,Western Avenue
Huntington Avenue,Belvidere Street
Beacon Street,River Street
Brookline Avenue,Newbury Street
Saint Marys Street,Commonwealth Avenue
Albany Street,Hampden Street
Dana Avenue,Hyde Park Avenue
Langley Road,Washington Street
Commonwealth Avenue Frontage Road Wb,Allston Street
Atlantic Avenue,Seaport Boulevard
Brookway Road,Elven Road
Blue Hill Avenue,Paxton Street
Victory Road,Blanche Street
Tremont Street,Massachusetts Avenue
Linden Street,Brighton Avenue
Longwood Avenue,Avenue Louis Pasteur
John F. Fitzgerald Surface Road,Milk Street
Commonwealth Avenue,Saint Paul Street
Washington Street,Academy Hill Road
Coventry Street,Columbus Avenue
Huntington Avenue,Calumet Street
Commonwealth Avenue,Carlton Street
Commonwealth Avenue Frontage Road Eb,Harvard Avenue
Beacon Street,Berkeley Street
Blue Hill Avenue,Moreland Street
Hyde Park Avenue,Willow Avenue
Adams Street,Gibson Street
Clarendon Street,Stuart Street
Longwood Avenue,Brookline Avenue
Huntington Avenue,Wait Street
Buick Street,Commonwealth Avenue
Clarendon Street,Stanhope Street
Centre Street,Harris Avenue
Washington Street,Talbot Avenue
Harvard Avenue,Brighton Avenue
Kelton Street,Allston Street
Ellery Street,Southampton Street
Faneuil Street,Turner Street
Commonwealth Avenue,Amory Street
Centre Street,Pershing Road
Commonwealth Avenue Frontage Road Eb,Harvard Avenue
Columbus Avenue,Northampton Street
Prentiss Street,Tremont Street
Riverdale Street,Western Avenue
Parker Street,Ruggles Street
West Cottage Street,Gayland Street
Corey Road,Bellvista Road
Harvard Avenue,Commonwealth Avenue Frontage Road Eb
Parker Street,Ward Street
Parker Street,Gore Street
Chelsea Street,Fifth Street
Granby Street,Commonwealth Avenue
Longwood Avenue,Brookline Avenue
Smith Street,Saint Alphonsus Street
Boylston Street,Arlington Street
Brighton Avenue,Cambridge Street
Parker Street,Gore Street
Huntington Avenue,Fenwood Road
Green Street,Washington Street
Commonwealth Avenue,Cummington Mall
Brainerd Road,Royce Road
Hereford Street,Beacon Street
Harvard Avenue,Brainerd Road
Commonwealth Avenue,Pleasant Street
Howard Avenue,Hartford Street
Blandford Mall,Commonwealth Avenue
Centre Street,Pershing Road
Blue Hill Avenue,Mount Pleasant Avenue
Mount Hope Street,American Legion Highway
North Beacon Street,Arthur Street
Washington Street,Weymouth Avenue
Commonwealth Avenue,Saint Paul Street
Corinth Street,Birch Street
Swift Street,Saratoga Street
Hudson Street,Harrison Avenue
Cambridge Street,Lynde Street
Dorchester Avenue,Gibson Street
Franklin Street,Aldie Street
Homes Avenue,Geneva Avenue
Dorchester Street,Emerson Street
Columbia Road,Washington Street
Dorchester Avenue,Greenwich Street
Kneeland Street,Knapp Street
Shirley Street,Norfolk Avenue
Elm Hill Avenue,Warren Street
Columbus Avenue,Malcolm X Boulevard
Blue Hill Avenue,Winthrop Street
Beacon Street,Clarendon Street
Beacon Street,Spruce Street
Walworth Street,Belgrade Avenue
Exeter Street,Commonwealth Avenue
Centre Street,Spring Street
Washington Street,Circuit Street
Devonshire Street,Spring Lane
Washington Street,Parsons Street
Commonwealth Avenue,Amory Street
Commonwealth Avenue Frontage Road Eb,Washington Street
Gainsborough Street,Saint Stephen Street
Tremont Street,Pontiac Street
Kenmore Street,Commonwealth Avenue
Commonwealth Avenue,Cummington Mall
Kelton Street,Woodstock Avenue
Harvard Avenue,Brainerd Road
Washington Street,High View Avenue
Kenrick Street,Brayton Road
Ruggles Street,Parker Street
Highgate Street,Cambridge Street
Hemenway Street,Westland Avenue
Tremont Street,Massachusetts Avenue
Preble Street,Dorchester Avenue
Massachusetts Avenue,Clearway Street
Border Street,Eutaw Street
Dana Avenue,Hyde Park Avenue
Saint Alphonsus Street,Longwood Avenue
Centre Street,Bellevue Street
Hunnewell Avenue,Matchett Street
Tremont Street,Columbus Avenue
Baker Street,Spring Street
Green Street,Amory Street
Oliver Street,Milk Street
Maitland Street,Beacon Street
Dorchester Avenue,Ellet Street
East Cottage Street,Sumner Street
Brookline Avenue,Fullerton Street
Spring Street,Summer Street
Summer Street,Lincoln Street
Commonwealth Avenue,Winslow Road
Amory Street,New Minton Street
Back Street,Dartmouth Street
Shawmut Avenue,Malcolm X Boulevard
Smith Street,Saint Alphonsus Street
Massachusetts Avenue,Boylston Street
Blue Hill Avenue,Abbot Street
Brooks Street,Princeton Street
South Huntington Avenue,Heath Street
Warren Street,Dudley Street
Commonwealth Avenue,Charlesgate East
Chauncey Street,Summer Street
Lawrence Place,Market Street
Washington Street,Malcolm X Boulevard
Ashford Street,Ashford Terrace
Commonwealth Avenue,Granby Street
South Huntington Avenue,Perkins Street
Blue Hill Avenue,Woodcliff Street
Green Street,Centre Street
Meridian Street,Princeton Street
Brighton Avenue,Quint Avenue
Washington Street,Murray Hill Road
Harrison Avenue,Herald Street
South Huntington Avenue,Craftson Way
West Broadway,F Street
Boylston Street,Berkeley Street
Massachusetts Avenue,Albany Street
Cambridge Street,Blossom Street
Westland Avenue,Public Alley 819
Dorchester Avenue,Welles Avenue
Beacon Street,Commonwealth Avenue
Kilby Street,State Street
Massachusetts Avenue,Boylston Street
A Street,West Third Street
Saint James Avenue,Arlington Street
Centre Street,Lester Place
Linden Street,Brighton Avenue
Arborway,Centre Street
Main Street,Austin Street
Columbus Avenue,Eliot Street
Oliver Street,High Street
Custer Street,Goldsmith Street
Boston Street,Ellery Street
Father Herlihy Drive,Commonwealth Avenue
Blue Hill Avenue,Winthrop Street
Saratoga Street,Prescott Street
South Huntington Avenue,Colburn Street
South Street,Arborway
Warren Street,Palmer Street
Warren Street,Walnut Avenue
Dorchester Avenue,West Fifth Street
Cambridge Street,Highgate Street
Centre Street,Robinwood Avenue
Commonwealth Avenue,Brighton Avenue
Court Street,Cambridge Street
Boylston Street,Clarendon Street
Boylston Street,Gloucester Street
Cambridge Street,Irving Street
Eldridge Road,Hyde Park Avenue
Evans Way,Louis Prang Street
Commonwealth Avenue,Saint Paul Street
Craftsman Street,Cambridge Street
Massachusetts Avenue,Commonwealth Avenue
Centre Street,South Huntington Avenue
Somerset Street,Cambridge Street
Cambridge Street,Harvard Avenue
Summer Street,Dorchester Avenue
Bowdoin Street,Elba Terrace
Sleeper Street,Northern Avenue
Longwood Avenue,Brookline Avenue
Moreland Street,Montrose Street
John F. Fitzgerald Surface Road,Summer Street
North Harvard Street,Gordon Road
Hyde Park Avenue,Walk Hill Street
Harvard Avenue,Commonwealth Avenue Frontage Road Wb
Blackfan Street,Longwood Avenue
A Street,West Second Street
Cambridge Street,Denby Road
Sydney Street,Hartland Street
Chestnut Hill Avenue,Academy Hill Road
Commonwealth Avenue,Saint Paul Street
Commonwealth Avenue,Crowninshield Road
Beacon Street,Raleigh Street
Rutherford Avenue,Baldwin Street
Georgia Street,Blue Hill Avenue
Strathmore Road,Sutherland Road
Centre Street,Walter Street
Cobden Street,Washington Street
South Huntington Avenue,Craftson Way
Fawndale Road,Washington Street
Silber Way,Blandford Mall
Court Square,Court Street
Parker Street,Gore Street
Washington Street,Boylston Street
Wales Street,Browning Avenue
Tremont Street,Milford Street
Edgerly Road,Burbank Street
Washington Street,West Dedham Street
Park Plaza,Columbus Avenue
Columbus Avenue,Heath Street
Saint Botolph Street,West Newton Street
La Grange Street,Centre Street
Mountfort Street,Commonwealth Avenue
Blackfan Street,Longwood Avenue
North Washington Street,Thacher Street
Staniford Street,Lomasney Way
Everett Street,Orleans Street
Washington Street,Kneeland Street
Beacon Street,Commonwealth Avenue
Linden Street,Gardner Street
North Harvard Street,Western Avenue
Main Street,Oak Street
Stanwood Street,Blue Hill Avenue
Huntington Avenue,Evans Way
Mason Street,West Street
Dudley Street,Warren Street
Centre Street,Goodrich Road
Saratoga Street,Moore Street
Dorchester Avenue,Savin Hill Avenue
Chestnut Hill Avenue,Englewood Avenue
Fairfield Street,Back Street
Columbia Road,East Cottage Street
West Broadway,C Street
Massachusetts Avenue,Rusfield Street
Dudley Street,Washington Street
Canal Street,Causeway Street
Washington Street,Bartlett Street
Centre Street,Sheridan Street
Boylston Street,Charles Street South
Chestnut Hill Avenue,Winship Street
West Broadway,F Street
Blue Hill Avenue,Abbot Street
Washington Street,Columbus Avenue
Dartmouth Street,Commonwealth Avenue
Huntington Avenue,Fencourt Street
Massachusetts Avenue,Huntington Avenue
Perkins Street,Pond View Avenue
Columbia Road,Quincy Street
Highgate Street,Cambridge Street
Summer Street,John F. Fitzgerald Expressway
Ruggles Street,Tremont Street
Merrimac Street,Sudbury Street
Neponset Avenue,Saco Street
Meridian Street,Falcon Street
Norton Street,Bowdoin Street
Adams Street,Christopher Street
Commonwealth Avenue,Charlesgate West
North Harvard Street,Western Avenue
Massachusetts Avenue,Pierre Lallement Bike Path
Parker Street,Gore Street
South Street,Achorn Circle
Washington Street,Walnut Park
Green Street,Centre Street
Blue Hill Avenue,Moreland Street
Amory Street,New Minton Street
West Street,Hyde Park Avenue
Ruggles Street,Tremont Street
Blue Hill Avenue,Moreland Street
Dorchester Avenue,East Street
Washington Street,West Street
Dorchester Avenue,Banton Street
Fenway,Boylston Street
Spice Street,Cambridge Street
Parsons Street,Brooksdale Road
Blue Hill Avenue,Norfolk Street
Main Street,Austin Street
Commonwealth Avenue,Brighton Avenue
Preble Street,Dorchester Avenue
Rill Street,Hancock Street
Norfolk Street,Clarkwood Street
Boylston Street,Ipswich Street
Austin Street,Main Street
South Huntington Avenue,Craftson Way
Harvard Avenue,Commonwealth Avenue Frontage Road Wb
High Street,Purchase Street
South Munroe Terrace,Neponset Avenue
Millet Street,Harvard Street
Bennington Street,Wordsworth Street
Centre Street,Harris Avenue
Geneva Avenue,Olney Street
Main Street,SR 38
Saratoga Street,Curtis Street
Batterymarch Street,Milk Street
Beacon Street,River Street
Westminster Avenue,Washington Street
Willoughby Street,Cenacle Road
Seaver Street,Elm Hill Avenue
Prentiss Street,Albert Street
Columbus Avenue,Cedar Street
Maffa Way,SR 38
Margaretta Drive,Georgetowne Drive
Brookline Avenue,Boylston Street
Massachusetts Avenue,Shawmut Avenue
Melnea Cass Boulevard,Massachusetts Avenue
Harold Street,Homestead Street
Summer Street,Melcher Street
Heath Street,Bickford Avenue
Massachusetts Avenue,Boylston Street
Cambridge Street,I 93
Allstate Road,Willow Court
Harvard Avenue,Cambridge Street
Life Street,Guest Street
Kilby Street,Water Street
Dudley Street,Dunmore Street
Gerard Street,Island Street
Walnut Avenue,Seaver Street
Parker Street,Mcgreevey Way
Cummins Highway,Harding Road
West Street,Tremont Street
Chestnut Street,Charles Street
High Street,Hancock Street
Devine Way,Dorchester Avenue
Blue Hill Avenue,Intervale Street
Ruggles Street,Tremont Street
Harvard Avenue,Brainerd Road
Blue Hill Avenue,Callender Street
Columbia Road,Blue Hill Avenue
Mcbride Street,Call Street
Seaverns Avenue,Alfred Street
Charles Street South,Boylston Street
Saint Alphonsus Street,Smith Street
North Harvard Street,Cambridge Street
Huntington Avenue,South Huntington Avenue
Beacon Street,Massachusetts Avenue
F Street,West Seventh Street
Commonwealth Avenue Frontage Road Eb,Royce Road
Massachusetts Avenue,Peirson Street
Boylston Street,Boylston Place
Oakland Street,Faneuil Street
Lamson Street,Maverick Street
Beacon Street,Massachusetts Avenue
Cambridge Street,Washington Street
Commonwealth Avenue,Massachusetts Avenue
Corey Road,Westbourne Terrace
Wrentham Street,Florida Street
Southampton Street,Atkinson Street
Burrell Street,Batchelder Street
Huntington Avenue,Forsyth Street
Seaver Street,Humboldt Avenue
Devon Street,Laredo Street
Preble Street,Dorchester Avenue
Chestnut Hill Avenue,Commonwealth Avenue
Lonsdale Street,Florida Street
Oakland Street,Faneuil Street
Main Street,Dorrance Street
South Huntington Avenue,Heath Street
West Cedar Street,Mount Vernon Street
Washington Street,Ukraine Way
Cambridge Street,North Anderson Street
Washington Street,Basile Street
Talbot Avenue,Talbot Place
West Broadway,D Street
Dacia Street,Dove Street
Dorchester Avenue,Linden Street
Blue Hill Avenue,Talbot Avenue
Batchelder Street,East Cottage Street
Beacon Street,Massachusetts Avenue
Bowdoin Street,Mount Ida Road
Dorchester Avenue,Bellflower Street
Columbia Road,Elder Street
East Berkeley Street,Washington Street
Grove Street,Stimson Street
Dorchester Avenue,O'Connor Way
Mcbride Street,Call Street
Washington Street,West Street
Huntington Avenue,Shepherd Avenue
Atlantic Avenue,Essex Street
Dorchester Avenue,Gibson Street
Dorchester Avenue,Gibson Street
Massachusetts Avenue,Shawmut Avenue
Washington Street,Ophir Street
Boylston Street,Clarendon Street
Cambridge Street,North Anderson Street
Columbus Avenue,Massachusetts Avenue
Centre Street,Sheridan Street
Boylston Street,Chestnut Avenue
Brookline Avenue,Massachusetts Turnpike
Massachusetts Avenue,Pierre Lallement Bike Path
Cambridge Street,Brighton Street
Washington Street,Lochdale Road
Centre Street,Pond Street
Scotia Street,Saint Cecelia Street
Transit Street,Dorchester Avenue
Flaherty Way,Joyce-Hayes Way
Blue Hill Avenue,Mount Pleasant Avenue
Centre Street,Corey Street
Dunkeld Street,Quincy Street
North Harvard Street,Western Avenue
Malcolm X Boulevard,Roxbury Street
Preble Street,Dorchester Avenue
Cambridge Street,Spice Street
Tremont Street,Columbus Avenue
Mount Vernon Street,Charles Street
Devonshire Street,Franklin Street
Brighton Avenue,Chester Street
Tremont Street,Massachusetts Avenue
Elmer Road,Burgoyne Street
Southampton Street,Atkinson Street
Cambridge Street,Tremont Street
Washington Street,Schubert Street
Western Avenue,Everett Street
Shawmut Avenue,Malcolm X Boulevard
Williams Street,Shawmut Avenue
Park Drive,Beacon Street
Adams Street,Leonard Street
Washington Street,Langley Road
West Ninth Street,E Street
Boylston Street,Gloucester Street
Market Street,Vineland Street
Baker Street,Veterans Of Foreign Wars Parkway
Washington Street,Bexley Road
Tremont Street,Boylston Street
Brighton Avenue,Cambridge Street
American Legion Highway,Blue Hill Avenue
Washington Street,West Street
Commonwealth Avenue,Babcock Street
Howard Avenue,Dalkeith Street
North Harvard Street,Cambridge Street
John F. Fitzgerald Expressway,Beach Street
South Huntington Avenue,Colburn Street
Huntington Avenue,Longwood Avenue
State Street,John F. Fitzgerald Surface Road
Dorchester Avenue,Boston Street
Columbus Avenue,Holyoke Street
Huntington Avenue,Forsyth Street
Wainwright Street,Lithgow Street
North Beacon Street,Everett Street
Ruggles Street,Leon Street
Dudley Street,Ramsey Street
Beacon Street,Charles Street
Blue Hill Avenue,Landor Road
Blossom Street,Cambridge Street
Harvard Avenue,Brighton Avenue
Brighton Avenue,Park Vale Avenue
Warren Street,Howland Street
State Street,John F. Fitzgerald Surface Road
Cambridge Street,Barrows Street
Harvard Street,Esmond Street
Centre Street,Oakview Terrace
Boylston Street,Tamworth Street
Kelton Street,Allston Street
Newbury Street,Exeter Street
Dorchester Avenue,Fuller Street
Napa Street,Massachusetts Avenue
South Huntington Avenue,Centre Street
West Broadway,A Street
Centre Street,West Roxbury Centre Street Rotary
D Street,Fargo Street
B Street,West Broadway
Washington Street,Allen Road
Commonwealth Avenue,Harry Agganis Way
Commonwealth Avenue,Blandford Mall
Charles Street South,Park Plaza
Old Colony Avenue,Preble Street
Commonwealth Avenue,Clarendon Street
North Grove Street,Parkman Street
Marlborough Street,Fairfield Street
Columbus Avenue,Wellington Street
Commonwealth Avenue,Massachusetts Avenue
Washington Street,Lake Street
Commonwealth Avenue,Exeter Street
Commonwealth Avenue,Beacon Street
Dorchester Avenue,Hecla Street
Beacon Street,Massachusetts Avenue
Warner Street,Kingsdale Street
Blue Hill Avenue,Abbot Street
Boylston Street,Centre Street
Portland Street,Valenti Way
Blue Hill Avenue,Woolson Street
Buick Street,Commonwealth Avenue
Saunders Street,North Beacon Street
Cummins Highway,Sycamore Street
Massachusetts Avenue,Saint Stephen Street
Tremont Street,Massachusetts Avenue
Atlantic Avenue,East Street
Hereford Street,Commonwealth Avenue
Blue Hill Avenue,Seaver Street
Dorchester Street,East Ninth Street
Cambridge Street,Court Street
Columbus Avenue,Heath Street
Stanwood Street,Blue Hill Avenue
Maffa Way,SR 38
Southampton Street,Frontage Road Northbound
Hammond Street,Tremont Street
West Fourth Street,A Street
Tremont Street,Columbus Avenue
Lamartine Street,Paul Gore Street
South Huntington Avenue,Heath Street
Humboldt Avenue,Harrishof Street
Day Street,Kenney Street
Commonwealth Avenue Frontage Road Wb,Saint Lukes Road
Stuart Street,Dartmouth Street
Beacon Street,Arundel Street
Parker Street,Prentiss Street
Dorchester Avenue,Hancock Street
Linden Street,Brighton Avenue
Columbus Avenue,Cedar Street
Waldeck Street,Park Street
Mapleton Street,Market Street
Day Street,Bynner Street
Porter Street,Bennington Street
Brighton Avenue,Linden Street
Blue Hill Avenue,Mount Pleasant Avenue
Tremont Street,Columbus Avenue
Prentiss Street,Albert Street
Dorchester Avenue,Melvinside Terrace
Commonwealth Avenue,Pleasant Street
Fifth Street,First Avenue
Harvard Avenue,Brighton Avenue
South Huntington Avenue,Heath Street
Whitman Street,Norfolk Street
Lake Street,Undine Road
Washington Street,Bexley Road
Columbus Avenue,Malcolm X Boulevard
Tremont Street,Carmel Street
South Street,Mcbride Street
Commonwealth Avenue,Mountfort Street
Blossom Street,Cambridge Street
Meridian Street,Havre Street
Commonwealth Avenue,Mountfort Street
Massachusetts Avenue,Clearway Street
Columbus Avenue,Camden Street
Commonwealth Avenue,Beacon Street
Charles Street,David G. Mugar Way
Old Road,Ellington Street
Starr Lane,Centre Street
India Street,Custom House Street
Columbus Avenue,Chandler Street
Tremont Street,Boylston Street
Washington Street,Atkins Street
Allston Street,Commonwealth Avenue Frontage Road Eb
Glendale Street,Payson Avenue
Brighton Avenue,Harvard Avenue
South Street,Boynton Street
Commonwealth Avenue,Pleasant Street
Washington Street,Snow Street
Commonwealth Avenue,Crowninshield Road
Parker Street,Gore Street
Boston Street,Enterprise Street
Sparhawk Street,Market Street
Chatham Street,Merchants Row
North Harvard Street,Kingsley Street
Commonwealth Avenue,Mountfort Street
Boylston Street,Boylston Place
Sparhawk Street,Murdock Street
Wise Street,Centre Street
Boylston Street,Dartmouth Street
Beacon Street,Charles Street
Causeway Street,Lancaster Street
Brighton Avenue,Linden Street
Columbus Avenue,Camden Street
Boston Street,Mount Vernon Street
Blue Hill Avenue,Morton Street
Freeport Street,Beach Street
Centre Street,Johnson Avenue
Washington Street,Franklin Place
Huntington Avenue,Longwood Avenue
Harrison Avenue,Northampton Street
West First Street,D Street
Commonwealth Avenue,Saint Paul Street
North Harvard Street,Cambridge Street
Clarendon Street,Columbus Avenue
Commonwealth Avenue Frontage Road Wb,Chester Street
Cushing Avenue,Jerome Street
Green Street,Centre Street
Lincoln Street,Franklin Street
Washington Street,Avenue De Lafayette
Dorchester Avenue,Dexter Street
Huntington Avenue,South Huntington Avenue
